l,query,page,domain_old,source,domain,score,top_level_domain
A1,A,1,https://my.clevelandclinic.org/,gemini_summary,my.clevelandclinic.org,60,org
A1,A,1,https://www.healthline.com/,gemini_summary,healthline.com,64,com
A1,A,1,https://www.healthgrades.com/,gemini_summary,healthgrades.com,67,com
A1,A,1,https://www.uclahealth.org/,gemini_summary,uclahealth.org,67,org
A1,A,1,https://www.pennmedicine.org,gemini_summary,pennmedicine.org,37,org
A1,A,1,https://www.webmd.com/,gemini_summary,webmd.com,67,com
A1,A,1,https://www.uchealth.org/,gemini_summary,uchealth.org,100,org
A1,A,1,https://www.mayoclinic.org/,gemini_summary,mayoclinic.org,66,org
A1,A,1,https://myhealth.alberta.ca/,gemini_summary,myhealth.alberta.ca,47,ca
A1,A,1,https://www.rinvoq.com/,sponsored,rinvoq.com,10,com
A1,A,1,https://www.prevention.com/,sponsored,prevention.com,64,com
A1,A,1,https://www.womenshealthmag.com/,sponsored,womenshealthmag.com,54,com
A1,A,1,https://my.clevelandclinic.org/,organic_result_page_1,my.clevelandclinic.org,60,org
A1,A,1,https://www.healthgrades.com/,organic_result_page_1,healthgrades.com,67,com
A1,A,1,https://www.medicalnewstoday.com/,organic_result_page_1,medicalnewstoday.com,64,com
A1,A,1,https://www.mayoclinic.org/,organic_result_page_1,mayoclinic.org,66,org
A1,A,1,https://www.justanswer.com/,organic_result_page_1,justanswer.com,52,com
A1,A,1,https://www.healthline.com/,organic_result_page_1,healthline.com,64,com
A1,A,1,https://www.uchealth.org/,organic_result_page_1,uchealth.org,100,org
A1,A,1,https://www.verywellhealth.com/,organic_result_page_1,verywellhealth.com,66,com
A1,A,1,https://www.uclahealth.org/,organic_result_page_1,uclahealth.org,67,org
A2,A,2,www.webmd.com,organic_result_page_2,webmd.com,67,com
A2,A,2,www.nhs.uk,organic_result_page_2,nhs.uk,100,uk
A2,A,2,my.clevelandclinic.org,organic_result_page_2,my.clevelandclinic.org,60,org
A2,A,2,www.healthline.com,organic_result_page_2,healthline.com,64,com
A2,A,2,www.mayoclinic.org,organic_result_page_2,mayoclinic.org,66,org
A2,A,2,www.prevention.com,organic_result_page_2,prevention.com,64,com
A2,A,2,www2.hse.ie,organic_result_page_2,www2.hse.ie,50,ie
A2,A,2,www.uclahealth.org,organic_result_page_2,uclahealth.org,67,org
A2,A,2,www.keckmedicine.org,organic_result_page_2,keckmedicine.org,32,org
A2,A,2,newsinhealth.nih.gov,organic_result_page_2,newsinhealth.nih.gov,17,gov
A3,A,3,www.webmd.com,organic_result_page_3,webmd.com,67,com
A3,A,3,www.nhs.uk,organic_result_page_3,nhs.uk,100,uk
A3,A,3,medlineplus.gov,organic_result_page_3,medlineplus.gov,63,gov
A3,A,3,www.quora.com,organic_result_page_3,quora.com,51,com
A3,A,3,www.medicalnewstoday.com,organic_result_page_3,medicalnewstoday.com,64,com
A3,A,3,www.mayoclinic.org,organic_result_page_3,mayoclinic.org,66,org
A3,A,3,acaai.org,organic_result_page_3,acaai.org,100,org
A3,A,3,www.verywellhealth.com,organic_result_page_3,verywellhealth.com,66,com
A3,A,3,www.nhs.uk,organic_result_page_3,nhs.uk,100,uk
A3,A,3,www.health.com,organic_result_page_3,health.com,67,com
A3,A,3,www.aocd.org,organic_result_page_3,aocd.org,26,org
A4,A,4,www.quora.com,organic_result_page_4,quora.com,51,com
A4,A,4,www.healthdirect.gov.au,organic_result_page_4,healthdirect.gov.au,68,au
A4,A,4,www.everydayhealth.com,organic_result_page_4,everydayhealth.com,66,com
A4,A,4,acaai.org,organic_result_page_4,acaai.org,100,org
A4,A,4,www.medicinenet.com,organic_result_page_4,medicinenet.com,66,com
A4,A,4,www.drugs.com,organic_result_page_4,drugs.com,60,com
A4,A,4,www.unitypoint.org,organic_result_page_4,unitypoint.org,32,org
A4,A,4,www.gohealthuc.com,organic_result_page_4,gohealthuc.com,100,com
A4,A,4,www.sanforddermatology.com,organic_result_page_4,sanforddermatology.com,24,com
A4,A,4,www.aad.org,organic_result_page_4,aad.org,100,org
A5,A,5,www.youtube.com,organic_result_page_5,youtube.com,66,com
A5,A,5,www.medicinenet.com,organic_result_page_5,medicinenet.com,66,com
A5,A,5,www.drugwatch.com,organic_result_page_5,drugwatch.com,44,com
A5,A,5,www.aafp.org,organic_result_page_5,aafp.org,40,org
A5,A,5,getcurex.com,organic_result_page_5,getcurex.com,62,com
A5,A,5,www.justanswer.com,organic_result_page_5,justanswer.com,52,com
A5,A,5,www.today.com,organic_result_page_5,today.com,65,com
A5,A,5,www.osfhealthcare.org,organic_result_page_5,osfhealthcare.org,52,org
A5,A,5,health.howstuffworks.com,organic_result_page_5,health.howstuffworks.com,100,com
A5,A,5,www.pierrefabreeczemafoundation.org,organic_result_page_5,pierrefabreeczemafoundation.org,100,org
B1,B,1,https://www.healthline.com/,gemini_summary,healthline.com,64,com
B1,B,1,https://www.youtube.com/,gemini_summary,youtube.com,66,com
B1,B,1,https://www.mentalhealth.org.uk/,gemini_summary,mentalhealth.org.uk,48,uk
B1,B,1,https://www.verywellhealth.com/,gemini_summary,verywellhealth.com,66,com
B1,B,1,https://www.nhsinform.scot/,gemini_summary,nhsinform.scot,62,scot
B1,B,1,https://adaa.org,gemini_summary,adaa.org,44,org
B1,B,1,https://www.dbhutah.org/,gemini_summary,dbhutah.org,59,org
B1,B,1,https://www.nimh.nih.gov/,gemini_summary,nimh.nih.gov,43,gov
B1,B,1,https://www.hopkinsmedicine.org/,gemini_summary,hopkinsmedicine.org,46,org
B1,B,1,https://www.ama-assn.org/,gemini_summary,ama-assn.org,60,org
B1,B,1,https://www.beyondblue.org.au/,gemini_summary,beyondblue.org.au,68,au
B1,B,1,https://my.clevelandclinic.org/,gemini_summary,my.clevelandclinic.org,60,org
B1,B,1,https://awakeningskc.com/,gemini_summary,awakeningskc.com,100,com
B1,B,1,https://www.northcentralcollege.edu/,gemini_summary,northcentralcollege.edu,32,edu
B1,B,1,https://www.piedmont.org/,gemini_summary,piedmont.org,100,org
B1,B,1,https://www.nhs.uk/,organic_result_page_1,nhs.uk,100,uk
B1,B,1,https://www.mayoclinic.org/,organic_result_page_1,mayoclinic.org,66,org
B1,B,1,https://www.mind.org.uk/,organic_result_page_1,mind.org.uk,52,uk
B1,B,1,https://www.youtube.com/,organic_result_page_1,youtube.com,66,com
B1,B,1,https://www.ama-assn.org/,organic_result_page_1,ama-assn.org,60,org
B1,B,1,https://www.reddit.com/,organic_result_page_1,reddit.com,53,com
B1,B,1,https://www.betterhealth.vic.gov.au/,organic_result_page_1,betterhealth.vic.gov.au,44,au
B1,B,1,https://www.healthline.com/,organic_result_page_1,healthline.com,64,com
B1,B,1,https://www.hopkinsmedicine.org/,organic_result_page_1,hopkinsmedicine.org,46,org
B1,B,1,https://adaa.org/,organic_result_page_1,adaa.org,44,org
B2,B,2,my.clevelandclinic.org,organic_result_page_2,my.clevelandclinic.org,60,org
B2,B,2,www.mayoclinic.org,organic_result_page_2,mayoclinic.org,66,org
B2,B,2,www.mentalhealth.org.uk,organic_result_page_2,mentalhealth.org.uk,48,uk
B2,B,2,www.nhsinform.scot,organic_result_page_2,nhsinform.scot,62,scot
B2,B,2,www.nimh.nih.gov,organic_result_page_2,nimh.nih.gov,43,gov
B2,B,2,kidshealth.org,organic_result_page_2,kidshealth.org,34,org
B2,B,2,www.beyondblue.org.au,organic_result_page_2,beyondblue.org.au,68,au
B2,B,2,www.helpguide.org,organic_result_page_2,helpguide.org,46,org
B2,B,2,www2.hse.ie,organic_result_page_2,www2.hse.ie,50,ie
B3,B,3,www.reddit.com,organic_result_page_3,reddit.com,53,com
B3,B,3,www.verywellhealth.com,organic_result_page_3,verywellhealth.com,66,com
B3,B,3,www.dbhutah.org,organic_result_page_3,dbhutah.org,59,org
B3,B,3,www.childline.org.uk,organic_result_page_3,childline.org.uk,53,uk
B3,B,3,www.nhs.uk,organic_result_page_3,nhs.uk,100,uk
B3,B,3,healthcare.utah.edu,organic_result_page_3,healthcare.utah.edu,26,edu
B3,B,3,www.verywellmind.com,organic_result_page_3,verywellmind.com,67,com
B3,B,3,www.apa.org,organic_result_page_3,apa.org,60,org
B3,B,3,www.verywellhealth.com,organic_result_page_3,verywellhealth.com,66,com
B3,B,3,www.verywellmind.com,organic_result_page_3,verywellmind.com,67,com
B3,B,3,www.everydayhealth.com,organic_result_page_3,everydayhealth.com,66,com
B4,B,4,www.webmd.com,organic_result_page_4,webmd.com,67,com
B4,B,4,www.healthline.com,organic_result_page_4,healthline.com,64,com
B4,B,4,www.health.harvard.edu,organic_result_page_4,health.harvard.edu,56,edu
B4,B,4,www.nimh.nih.gov,organic_result_page_4,nimh.nih.gov,43,gov
B4,B,4,www.mayoclinichealthsystem.org,organic_result_page_4,mayoclinichealthsystem.org,66,org
B4,B,4,childmind.org,organic_result_page_4,childmind.org,65,org
B4,B,4,www.ucihealth.org,organic_result_page_4,ucihealth.org,51,org
B4,B,4,www.multicare.org,organic_result_page_4,multicare.org,61,org
B4,B,4,www.uhc.com,organic_result_page_4,uhc.com,100,com
B4,B,4,www.optum.com,organic_result_page_4,optum.com,100,com
B5,B,5,www.quora.com,organic_result_page_5,quora.com,51,com
B5,B,5,www.medicalnewstoday.com,organic_result_page_5,medicalnewstoday.com,64,com
B5,B,5,www.aarp.org,organic_result_page_5,aarp.org,34,org
B5,B,5,www.mayoclinic.org,organic_result_page_5,mayoclinic.org,66,org
B5,B,5,www.everydayhealth.com,organic_result_page_5,everydayhealth.com,66,com
B5,B,5,www.cdc.gov,organic_result_page_5,cdc.gov,58,gov
B5,B,5,www.hopkinsmedicine.org,organic_result_page_5,hopkinsmedicine.org,46,org
B5,B,5,www.dignityhealth.org,organic_result_page_5,dignityhealth.org,100,org
B5,B,5,hbr.org,organic_result_page_5,hbr.org,44,org
B5,B,5,psychcentral.com,organic_result_page_5,psychcentral.com,18,com
C1,C,1,https://www.mayoclinic.org/,gemini_summary,mayoclinic.org,66,org
C1,C,1,https://fertilitynetworkuk.org/,gemini_summary,fertilitynetworkuk.org,50,org
C1,C,1,https://www.webmd.com/,gemini_summary,webmd.com,67,com
C1,C,1,https://www.piedmont.org/,gemini_summary,piedmont.org,100,org
C1,C,1,https://www.fertility-academy.co.uk,gemini_summary,fertility-academy.co.uk,100,uk
C1,C,1,https://www.clearblue.com,gemini_summary,clearblue.com,100,com
C1,C,1,https://www.uclahealth.org/,gemini_summary,uclahealth.org,67,org
C1,C,1,https://www.acog.org/,gemini_summary,acog.org,40,org
C1,C,1,https://myexpertmidwife.com/,gemini_summary,myexpertmidwife.com,53,com
C1,C,1,https://flo.health/,gemini_summary,flo.health,61,health
C1,C,1,https://www.njbestobgyn.com/,gemini_summary,njbestobgyn.com,100,com
C1,C,1,https://www.serkanoral.com/,gemini_summary,serkanoral.com,100,com
C1,C,1,https://www.irishlifehealth.ie/,gemini_summary,irishlifehealth.ie,27,ie
C1,C,1,https://www.mayoclinic.org/,organic_result_page_1,mayoclinic.org,66,org
C1,C,1,https://fertilitynetworkuk.org/,organic_result_page_1,fertilitynetworkuk.org,50,org
C1,C,1,https://www.nhs.uk/,organic_result_page_1,nhs.uk,100,uk
C1,C,1,https://www.reddit.com/,organic_result_page_1,reddit.com,53,com
C1,C,1,https://www.quora.com/,organic_result_page_1,quora.com,51,com
C1,C,1,https://www.piedmont.org/,organic_result_page_1,piedmont.org,100,org
C1,C,1,https://www.acog.org/,organic_result_page_1,acog.org,40,org
C1,C,1,https://www.healthline.com/,organic_result_page_1,healthline.com,64,com
C1,C,1,https://www.clearblue.com/,organic_result_page_1,clearblue.com,100,com
C1,C,1,https://www.healthpartners.com/,organic_result_page_1,healthpartners.com,44,com
C2,C,2,www.webmd.com,organic_result_page_2,webmd.com,67,com
C2,C,2,www.nhs.uk,organic_result_page_2,nhs.uk,100,uk
C2,C,2,www.reddit.com,organic_result_page_2,reddit.com,53,com
C2,C,2,www.healthline.com,organic_result_page_2,healthline.com,64,com
C2,C,2,www.youtube.com,organic_result_page_2,youtube.com,66,com
C2,C,2,www.uclahealth.org,organic_result_page_2,uclahealth.org,67,org
C2,C,2,www.fertility-academy.co.uk,organic_result_page_2,fertility-academy.co.uk,100,uk
C2,C,2,americanpregnancy.org,organic_result_page_2,americanpregnancy.org,25,org
C2,C,2,www.jprobertsobgyn.com,organic_result_page_2,jprobertsobgyn.com,25,com
C2,C,2,info.health.nz,organic_result_page_2,info.health.nz,13,nz
C3,C,3,www.webmd.com,organic_result_page_3,webmd.com,67,com
C3,C,3,www.betterhealth.vic.gov.au,organic_result_page_3,betterhealth.vic.gov.au,44,au
C3,C,3,www2.hse.ie,organic_result_page_3,www2.hse.ie,50,ie
C3,C,3,pmc.ncbi.nlm.nih.gov,organic_result_page_3,pmc.ncbi.nlm.nih.gov,100,gov
C3,C,3,www.yourfertility.org.au,organic_result_page_3,yourfertility.org.au,29,au
C3,C,3,info.health.nz,organic_result_page_3,info.health.nz,13,nz
C3,C,3,www.tommys.org,organic_result_page_3,tommys.org,52,org
C3,C,3,www.thewomens.org.au,organic_result_page_3,thewomens.org.au,100,au
C3,C,3,ectopic.org.uk,organic_result_page_3,ectopic.org.uk,53,uk
C3,C,3,www.tommys.org,organic_result_page_3,tommys.org,52,org
C4,C,4,www.medicalnewstoday.com,organic_result_page_4,medicalnewstoday.com,64,com
C4,C,4,www.ivf.com.au,organic_result_page_4,ivf.com.au,56,au
C4,C,4,fertility.womenandinfants.org,organic_result_page_4,fertility.womenandinfants.org,100,org
C4,C,4,www.cryosinternational.com,organic_result_page_4,cryosinternational.com,100,com
C4,C,4,truecare.org,organic_result_page_4,truecare.org,52,org
C4,C,4,www.lancastergeneralhealth.org,organic_result_page_4,lancastergeneralhealth.org,25,org
C4,C,4,shop.miracare.com,organic_result_page_4,shop.miracare.com,100,com
C4,C,4,www.parents.com,organic_result_page_4,parents.com,64,com
C4,C,4,markhamfertility.com,organic_result_page_4,markhamfertility.com,100,com
C4,C,4,myexpertmidwife.com,organic_result_page_4,myexpertmidwife.com,53,com
C5,C,5,www.reddit.com,organic_result_page_5,reddit.com,53,com
C5,C,5,www.sutterhealth.org,organic_result_page_5,sutterhealth.org,47,org
C5,C,5,www.yourfertility.org.au,organic_result_page_5,yourfertility.org.au,29,au
C5,C,5,www.bannerhealth.com,organic_result_page_5,bannerhealth.com,51,com
C5,C,5,www.pregnancybirthbaby.org.au,organic_result_page_5,pregnancybirthbaby.org.au,66,au
C5,C,5,www.wmaofnashville.com,organic_result_page_5,wmaofnashville.com,100,com
C5,C,5,www.huggies.com.au,organic_result_page_5,huggies.com.au,66,au
C5,C,5,www.whattoexpect.com,organic_result_page_5,whattoexpect.com,67,com
C5,C,5,roshmfm.com,organic_result_page_5,roshmfm.com,100,com
C5,C,5,www.newh-obgyn.com,organic_result_page_5,newh-obgyn.com,23,com
D1,D,1,https://www.aafp.org/,gemini_summary,aafp.org,40,org
D1,D,1,https://www.aarp.org,gemini_summary,aarp.org,34,org
D1,D,1,https://painandspinespecialists.com/,gemini_summary,painandspinespecialists.com,100,com
D1,D,1,https://www.youtube.com/,gemini_summary,youtube.com,66,com
D1,D,1,https://www.webmd.com/,gemini_summary,webmd.com,67,com
D1,D,1,https://www.everydayhealth.com/,gemini_summary,everydayhealth.com,66,com
D1,D,1,https://www.fibromyalgiafund.org/,gemini_summary,fibromyalgiafund.org,13,org
D1,D,1,https://superiorwellness.co.uk/,gemini_summary,superiorwellness.co.uk,100,uk
D1,D,1,https://drpancake.com/,gemini_summary,drpancake.com,44,com
D1,D,1,https://magazine.medlineplus.gov/,gemini_summary,magazine.medlineplus.gov,100,gov
D1,D,1,https://www.everydayhealth.com/,gemini_summary,everydayhealth.com,66,com
D1,D,1,https://creakyjoints.org/,gemini_summary,creakyjoints.org,56,org
D1,D,1,https://www.nhs.uk/,gemini_summary,nhs.uk,100,uk
D1,D,1,https://www.mayoclinic.org/,gemini_summary,mayoclinic.org,66,org
D1,D,1,https://myhealth.alberta.ca/,gemini_summary,myhealth.alberta.ca,47,ca
D1,D,1,https://www.cincinnatiuppercervical.com/,gemini_summary,cincinnatiuppercervical.com,45,com
D1,D,1,https://www.inmotionnetwork.ca/,gemini_summary,inmotionnetwork.ca,18,ca
D1,D,1,https://medium.com/,gemini_summary,medium.com,100,com
D1,D,1,https://protectyourwealth.ca/,gemini_summary,protectyourwealth.ca,25,ca
D1,D,1,https://magneticmobility.ie/,gemini_summary,magneticmobility.ie,47,ie
D1,D,1,https://www.kurufootwear.com/,gemini_summary,kurufootwear.com,42,com
D1,D,1,https://ravensview.com/,gemini_summary,ravensview.com,38,com
D1,D,1,https://www.fibromyalgiafund.org/,sponsored,fibromyalgiafund.org,13,org
D1,D,1,https://www.webmd.com/,organic_result_page_1,webmd.com,67,com
D1,D,1,https://magazine.medlineplus.gov/,organic_result_page_1,magazine.medlineplus.gov,100,gov
D1,D,1,https://www.nhs.uk/,organic_result_page_1,nhs.uk,100,uk
D1,D,1,https://my.clevelandclinic.org/,organic_result_page_1,my.clevelandclinic.org,60,org
D1,D,1,https://connect.mayoclinic.org/,organic_result_page_1,connect.mayoclinic.org,66,org
D1,D,1,https://www.reddit.com/,organic_result_page_1,reddit.com,53,com
D1,D,1,https://www.everydayhealth.com/,organic_result_page_1,everydayhealth.com,66,com
D1,D,1,https://www.mayoclinic.org/,organic_result_page_1,mayoclinic.org,66,org
D1,D,1,https://www.uclahealth.org/,organic_result_page_1,uclahealth.org,67,org
D1,D,1,https://www.youtube.com/,organic_result_page_1,youtube.com,66,com
D1,D,1,https://myhealth.alberta.ca/,organic_result_page_1,myhealth.alberta.ca,47,ca
D1,D,1,https://curearthritis.org/,sponsored,curearthritis.org,100,org
D2,D,2,www.medicalnewstoday.com,organic_result_page_2,medicalnewstoday.com,64,com
D2,D,2,www.aafp.org,organic_result_page_2,aafp.org,40,org
D2,D,2,creakyjoints.org,organic_result_page_2,creakyjoints.org,56,org
D2,D,2,www.londonpainclinic.com,organic_result_page_2,londonpainclinic.com,59,com
D2,D,2,www.arthritis.org,organic_result_page_2,arthritis.org,57,org
D2,D,2,www.painmedicinegroup.com,organic_result_page_2,painmedicinegroup.com,25,com
D2,D,2,www.verywellhealth.com,organic_result_page_2,verywellhealth.com,66,com
D2,D,2,www.bhmigraineandpain.com,organic_result_page_2,bhmigraineandpain.com,29,com
D2,D,2,www.houstonrheumatology.com,organic_result_page_2,houstonrheumatology.com,19,com
D2,D,2,www.cohencenters.com,organic_result_page_2,cohencenters.com,34,com
D3,D,3,www.nhs.uk,organic_result_page_3,nhs.uk,100,uk
D3,D,3,www.reddit.com,organic_result_page_3,reddit.com,53,com
D3,D,3,www.healthline.com,organic_result_page_3,healthline.com,64,com
D3,D,3,www.aarp.org,organic_result_page_3,aarp.org,34,org
D3,D,3,www.vulcanpainmanagement.com,organic_result_page_3,vulcanpainmanagement.com,22,com
D3,D,3,cfsselfhelp.org,organic_result_page_3,cfsselfhelp.org,9,org
D3,D,3,www.buzzrx.com,organic_result_page_3,buzzrx.com,59,com
D3,D,3,www.fibromyalgiaforums.org,organic_result_page_3,fibromyalgiaforums.org,52,org
D4,D,4,www.reddit.com,organic_result_page_4,reddit.com,53,com
D4,D,4,www.quora.com,organic_result_page_4,quora.com,51,com
D4,D,4,www.youtube.com,organic_result_page_4,youtube.com,66,com
D4,D,4,www.fibromyalgiaforums.org,organic_result_page_4,fibromyalgiaforums.org,52,org
D4,D,4,connect.mayoclinic.org,organic_result_page_4,connect.mayoclinic.org,66,org
D4,D,4,www.nespinalcare.com,organic_result_page_4,nespinalcare.com,29,com
D4,D,4,www.thepainlesscenter.com,organic_result_page_4,thepainlesscenter.com,28,com
D4,D,4,www.qehkl.nhs.uk,organic_result_page_4,qehkl.nhs.uk,100,uk
D4,D,4,www.healthylifefamilymedicine.com,organic_result_page_4,healthylifefamilymedicine.com,28,com
D5,D,5,www.youtube.com,organic_result_page_5,youtube.com,66,com
D5,D,5,www.medicinenet.com,organic_result_page_5,medicinenet.com,66,com
D5,D,5,www.renotahoepain.com,organic_result_page_5,renotahoepain.com,100,com
D5,D,5,www.niams.nih.gov,organic_result_page_5,niams.nih.gov,57,gov
D5,D,5,thriveketamine.com,organic_result_page_5,thriveketamine.com,1,com
D5,D,5,www.inspire.com,organic_result_page_5,inspire.com,57,com
D5,D,5,lakecountrypt.com,organic_result_page_5,lakecountrypt.com,100,com
D5,D,5,www.fibromyalgiafund.org,organic_result_page_5,fibromyalgiafund.org,13,org
D5,D,5,yeditepehastaneleri.com,organic_result_page_5,yeditepehastaneleri.com,100,com
D5,D,5,www.losangelesuppercervical.com,organic_result_page_5,losangelesuppercervical.com,100,com
E1,E,1,https://nutritionfacts.org/,sponsored,nutritionfacts.org,42,org
E1,E,1,health.ucdavis.edu,gemini_summary,health.ucdavis.edu,51,edu
E1,E,1,www.mayoclinic.org,gemini_summary,mayoclinic.org,66,org
E1,E,1,www.healthline.com,gemini_summary,healthline.com,64,com
E1,E,1,health.clevelandclinic.org,gemini_summary,health.clevelandclinic.org,64,org
E1,E,1,www.uclahealth.org,gemini_summary,uclahealth.org,67,org
E1,E,1,www.webmd.com,gemini_summary,webmd.com,67,com
E1,E,1,www.bupa.co.uk,gemini_summary,bupa.co.uk,67,uk
E1,E,1,www.medicalnewstoday.com,gemini_summary,medicalnewstoday.com,64,com
E1,E,1,www.bbcgoodfood.com,gemini_summary,bbcgoodfood.com,41,com
E1,E,1,www.youtube.com,gemini_summary,youtube.com,66,com
E1,E,1,www.piedmont.org,gemini_summary,piedmont.org,100,org
E1,E,1,www.hopkinsmedicine.org,organic_result_page_1,hopkinsmedicine.org,46,org
E1,E,1,www.youtube.com,organic_result_page_1,youtube.com,66,com
E1,E,1,www.reddit.com,organic_result_page_1,reddit.com,53,com
E1,E,1,connect.mayoclinic.org,organic_result_page_1,connect.mayoclinic.org,66,org
E1,E,1,www.massgeneralbrigham.org,organic_result_page_1,massgeneralbrigham.org,41,org
E1,E,1,www.health.harvard.edu,organic_result_page_1,health.harvard.edu,56,edu
E2,E,2,www.medicalnewstoday.com,organic_result_page_2,medicalnewstoday.com,64,com
E2,E,2,www.youtube.com,organic_result_page_2,youtube.com,66,com
E2,E,2,health.clevelandclinic.org,organic_result_page_2,health.clevelandclinic.org,64,org
E2,E,2,www.uclahealth.org,organic_result_page_2,uclahealth.org,67,org
E2,E,2,www.osfhealthcare.org,organic_result_page_2,osfhealthcare.org,52,org
E2,E,2,www.sunrisehealthinfo.com,organic_result_page_2,sunrisehealthinfo.com,100,com
E2,E,2,www.bbcgoodfood.com,organic_result_page_2,bbcgoodfood.com,41,com
E2,E,2,health.osu.edu,organic_result_page_2,health.osu.edu,19,edu
E2,E,2,www.bupa.co.uk,organic_result_page_2,bupa.co.uk,67,uk
E2,E,2,nutritionsource.hsph.harvard.edu,organic_result_page_2,nutritionsource.hsph.harvard.edu,100,edu
E3,E,3,www.reddit.com,organic_result_page_3,reddit.com,53,com
E3,E,3,www.quora.com,organic_result_page_3,quora.com,51,com
E3,E,3,www.medicalnewstoday.com,organic_result_page_3,medicalnewstoday.com,64,com
E3,E,3,www.youtube.com,organic_result_page_3,youtube.com,66,com
E3,E,3,www.mayoclinichealthsystem.org,organic_result_page_3,mayoclinichealthsystem.org,66,org
E3,E,3,www.verywellhealth.com,organic_result_page_3,verywellhealth.com,66,com
E3,E,3,www.theguardian.com,organic_result_page_3,theguardian.com,100,com
E3,E,3,www.brownhealth.org,organic_result_page_3,brownhealth.org,100,org
E3,E,3,dietitiansaustralia.org.au,organic_result_page_3,dietitiansaustralia.org.au,59,au
E3,E,3,www.quora.com,organic_result_page_3,quora.com,51,com
E3,E,3,www.economist.com,organic_result_page_3,economist.com,52,com
E4,E,4,www.reddit.com,organic_result_page_4,reddit.com,53,com
E4,E,4,www.quora.com,organic_result_page_4,quora.com,51,com
E4,E,4,familydoctor.org,organic_result_page_4,familydoctor.org,12,org
E4,E,4,www.hackensackmeridianhealth.org,organic_result_page_4,hackensackmeridianhealth.org,100,org
E4,E,4,pmc.ncbi.nlm.nih.gov,organic_result_page_4,pmc.ncbi.nlm.nih.gov,100,gov
E4,E,4,connect.mayoclinic.org,organic_result_page_4,connect.mayoclinic.org,66,org
E4,E,4,www.alaskaregional.com,organic_result_page_4,alaskaregional.com,61,com
E4,E,4,one-juice.com,organic_result_page_4,one-juice.com,100,com
E4,E,4,www.cnn.com,organic_result_page_4,cnn.com,100,com
E4,E,4,www.bouldermedicalcenter.com,organic_result_page_4,bouldermedicalcenter.com,100,com
E5,E,5,my.clevelandclinic.org,organic_result_page_5,my.clevelandclinic.org,60,org
E5,E,5,www.everydayhealth.com,organic_result_page_5,everydayhealth.com,66,com
E5,E,5,familydoctor.org,organic_result_page_5,familydoctor.org,12,org
E5,E,5,www.hackensackmeridianhealth.org,organic_result_page_5,hackensackmeridianhealth.org,100,org
E5,E,5,www.precisionnutrition.com,organic_result_page_5,precisionnutrition.com,61,com
E5,E,5,pmc.ncbi.nlm.nih.gov,organic_result_page_5,pmc.ncbi.nlm.nih.gov,100,gov
E5,E,5,news.cuanschutz.edu,organic_result_page_5,news.cuanschutz.edu,44,edu
E5,E,5,fortune.com,organic_result_page_5,fortune.com,49,com
E5,E,5,science.drinklmnt.com,organic_result_page_5,science.drinklmnt.com,24,com
E5,E,5,www.massgeneral.org,organic_result_page_5,massgeneral.org,57,org
F1,F,1,https://www.mayoclinic.org/,organic_result_page_1,mayoclinic.org,66,org
F1,F,1,https://www.healthline.com/,organic_result_page_1,healthline.com,64,com
F1,F,1,health.ucdavis.edu,organic_result_page_1,health.ucdavis.edu,51,edu
F1,F,1,https://www.massgeneralbrigham.org/,organic_result_page_1,massgeneralbrigham.org,41,org
F1,F,1,www.mayoclinic.org,gemini_summary,mayoclinic.org,66,org
F1,F,1,www.medicalnewstoday.com,gemini_summary,medicalnewstoday.com,64,com
F1,F,1,www.hopkinsmedicine.org,gemini_summary,hopkinsmedicine.org,46,org
F1,F,1,www.youtube.com,gemini_summary,youtube.com,66,com
F1,F,1,www.reddit.com,gemini_summary,reddit.com,53,com
F1,F,1,www.reddit.com,gemini_summary,reddit.com,53,com
F1,F,1,www.medicalnewstoday.com,gemini_summary,medicalnewstoday.com,64,com
F1,F,1,my.clevelandclinic.org,gemini_summary,my.clevelandclinic.org,60,org
F1,F,1,web-ih-sc-prd-hdl-wus2.azurewebsites.net,gemini_summary,web-ih-sc-prd-hdl-wus2.azurewebsites.net,100,net
F1,F,1,www.nccih.nih.gov,gemini_summary,nccih.nih.gov,11,gov
F1,F,1,www.verywellhealth.com,gemini_summary,verywellhealth.com,66,com
F1,F,1,2meclinic.com,gemini_summary,2meclinic.com,52,com
F1,F,1,portlandwellnesscare.com,gemini_summary,portlandwellnesscare.com,15,com
F1,F,1,drcindyjakubiec.com,gemini_summary,drcindyjakubiec.com,27,com
F1,F,1,bodytonicclinic.co.uk,gemini_summary,bodytonicclinic.co.uk,100,uk
F1,F,1,www.lancastergeneralhealth.org,gemini_summary,lancastergeneralhealth.org,25,org
F1,F,1,physioandtherapy.co.uk,gemini_summary,physioandtherapy.co.uk,100,uk
F1,F,1,www.morningsideacupuncturenyc.com,gemini_summary,morningsideacupuncturenyc.com,100,com
F1,F,1,holisticacupuncture.net,gemini_summary,holisticacupuncture.net,100,net
F1,F,1,cherryblossomhealingarts.com,gemini_summary,cherryblossomhealingarts.com,42,com
F1,F,1,web-ih-sc-prd-hdl-wus2.azurewebsites.net,organic_result_page_1,web-ih-sc-prd-hdl-wus2.azurewebsites.net,100,net
F1,F,1,news.cuanschutz.edu,organic_result_page_1,news.cuanschutz.edu,44,edu
F1,F,1,www.quora.com,organic_result_page_1,quora.com,51,com
F1,F,1,knowledgeincreasesbysharing.quora.com,organic_result_page_1,knowledgeincreasesbysharing.quora.com,100,com
F1,F,1,www.nuhs.edu,organic_result_page_1,nuhs.edu,53,edu
F1,F,1,www.ncbi.nlm.nih.gov,organic_result_page_1,ncbi.nlm.nih.gov,54,gov
F2,F,2,www.nhs.uk,organic_result_page_2,nhs.uk,100,uk
F2,F,2,www.healthdirect.gov.au,organic_result_page_2,healthdirect.gov.au,68,au
F2,F,2,www.verywellhealth.com,organic_result_page_2,verywellhealth.com,66,com
F2,F,2,cam-therapies.co.uk,organic_result_page_2,cam-therapies.co.uk,100,uk
F2,F,2,www.pacificcollege.edu,organic_result_page_2,pacificcollege.edu,29,edu
F2,F,2,www.gonzaba.com,organic_result_page_2,gonzaba.com,25,com
F2,F,2,www.lispinemed.com,organic_result_page_2,lispinemed.com,100,com
F2,F,2,meridianhealthcare.net,organic_result_page_2,meridianhealthcare.net,55,net
F2,F,2,portlandwellnesscare.com,organic_result_page_2,portlandwellnesscare.com,15,com
F2,F,2,2meclinic.com,organic_result_page_2,2meclinic.com,52,com
F3,F,3,www.healthline.com,organic_result_page_3,healthline.com,64,com
F3,F,3,www.mountsinai.org,organic_result_page_3,mountsinai.org,45,org
F3,F,3,drcindyjakubiec.com,organic_result_page_3,drcindyjakubiec.com,27,com
F3,F,3,www.everydayhealth.com,organic_result_page_3,everydayhealth.com,66,com
F3,F,3,www.apmrehab.com,organic_result_page_3,apmrehab.com,100,com
F3,F,3,www.southgatephysio.co.uk,organic_result_page_3,southgatephysio.co.uk,100,uk
F3,F,3,www.woninstitute.edu,organic_result_page_3,woninstitute.edu,32,edu
F3,F,3,bodytonicclinic.co.uk,organic_result_page_3,bodytonicclinic.co.uk,100,uk
F3,F,3,hms.harvard.edu,organic_result_page_3,hms.harvard.edu,35,edu
F3,F,3,www.nccih.nih.gov,organic_result_page_3,nccih.nih.gov,11,gov
F4,F,4,www.reddit.com,organic_result_page_4,reddit.com,53,com
F4,F,4,www.quora.com,organic_result_page_4,quora.com,51,com
F4,F,4,www.scsportstherapy.com,organic_result_page_4,scsportstherapy.com,100,com
F4,F,4,www.irvineintegrativemedicine.com,organic_result_page_4,irvineintegrativemedicine.com,32,com
F4,F,4,www.heraldsquarechiropractic.com,organic_result_page_4,heraldsquarechiropractic.com,27,com
F4,F,4,time.com,organic_result_page_4,time.com,50,com
F4,F,4,goodwinliving.org,organic_result_page_4,goodwinliving.org,100,org
F4,F,4,www.health.com,organic_result_page_4,health.com,67,com
F4,F,4,solis.care,organic_result_page_4,solis.care,12,care
F4,F,4,thumoshealthcenter.com,organic_result_page_4,thumoshealthcenter.com,100,com
F5,F,5,www.webmd.com,organic_result_page_5,webmd.com,67,com
F5,F,5,www.healthstin.com.au,organic_result_page_5,healthstin.com.au,48,au
F5,F,5,www.uchealth.org,organic_result_page_5,uchealth.org,100,org
F5,F,5,www.scuhs.edu,organic_result_page_5,scuhs.edu,35,edu
F5,F,5,www.orlandohealth.com,organic_result_page_5,orlandohealth.com,51,com
F5,F,5,www.salushomecare.com,organic_result_page_5,salushomecare.com,32,com
F5,F,5,www.aiam.edu,organic_result_page_5,aiam.edu,20,edu
F5,F,5,drosland.com,organic_result_page_5,drosland.com,9,com
F5,F,5,corewellhealth.org,organic_result_page_5,corewellhealth.org,22,org
F5,F,5,www.thpmedicare.org,organic_result_page_5,thpmedicare.org,30,org
G1,G,1,https://www.mayoclinic.org,organic_result_page_1,mayoclinic.org,66,org
G1,G,1,https://www.hopkinsmedicine.org/,organic_result_page_1,hopkinsmedicine.org,46,org
G1,G,1,https://my.clevelandclinic.org/,organic_result_page_1,my.clevelandclinic.org,60,org
G1,G,1,https://www.medicalnewstoday.com/,organic_result_page_1,medicalnewstoday.com,64,com
G1,G,1,https://www.reddit.com/,organic_result_page_1,reddit.com,53,com
G1,G,1,https://www.youtube.com/,organic_result_page_1,youtube.com,66,com
G1,G,1,www.mayoclinic.org,gemini_summary,mayoclinic.org,66,org
G1,G,1,www.hopkinsmedicine.org,organic_result_page_1,hopkinsmedicine.org,46,org
G1,G,1,www.youtube.com,organic_result_page_1,youtube.com,66,com
G1,G,1,www.pennmedicine.org,gemini_summary,pennmedicine.org,37,org
G1,G,1,www.webmd.com,gemini_summary,webmd.com,67,com
G1,G,1,www.samaritanhealthcare.com,gemini_summary,samaritanhealthcare.com,100,com
G1,G,1,www.pennmedicine.org,organic_result_page_1,pennmedicine.org,37,org
G1,G,1,www.eehealth.org,gemini_summary,eehealth.org,63,org
G1,G,1,www.mayoclinic.org,organic_result_page_1,mayoclinic.org,66,org
G1,G,1,www.advocatehealth.com,gemini_summary,advocatehealth.com,42,com
G1,G,1,www.medicalnewstoday.com,gemini_summary,medicalnewstoday.com,64,com
G1,G,1,www.cancer.org,gemini_summary,cancer.org,66,org
G1,G,1,spottingcancer.org,sponsored,spottingcancer.org,32,org
G1,G,1,colorectalcancer.org,sponsored,colorectalcancer.org,50,org
G1,G,1,my.clevelandclinic.org,organic_result_page_1,my.clevelandclinic.org,60,org
G1,G,1,www.niddk.nih.gov,organic_result_page_1,niddk.nih.gov,48,gov
G1,G,1,www.samaritanhealthcare.com,organic_result_page_1,samaritanhealthcare.com,100,com
G1,G,1,5minuteconsult.com,organic_result_page_1,5minuteconsult.com,50,com
G1,G,1,www.eehealth.org,organic_result_page_1,eehealth.org,63,org
G1,G,1,https://www.advocatehealth.com/,organic_result_page_1,advocatehealth.com,42,com
G2,G,2,www.webmd.com,organic_result_page_2,webmd.com,67,com
G2,G,2,my.clevelandclinic.org,organic_result_page_2,my.clevelandclinic.org,60,org
G2,G,2,www.medicalnewstoday.com,organic_result_page_2,medicalnewstoday.com,64,com
G2,G,2,www.youtube.com,organic_result_page_2,youtube.com,66,com
G2,G,2,www.uclahealth.org,organic_result_page_2,uclahealth.org,67,org
G2,G,2,healthy.kaiserpermanente.org,organic_result_page_2,healthy.kaiserpermanente.org,66,org
G2,G,2,www.ncbi.nlm.nih.gov,organic_result_page_2,ncbi.nlm.nih.gov,54,gov
G2,G,2,www.tryonmed.com,organic_result_page_2,tryonmed.com,51,com
G2,G,2,www.bmc.org,organic_result_page_2,bmc.org,56,org
G2,G,2,www.cancer.org,organic_result_page_2,cancer.org,66,org
G2,G,2,fightcolorectalcancer.org,sponsored,fightcolorectalcancer.org,100,org
G3,G,3,www.webmd.com,organic_result_page_3,webmd.com,67,com
G3,G,3,www.nhs.uk,organic_result_page_3,nhs.uk,100,uk
G3,G,3,m.youtube.com,organic_result_page_3,m.youtube.com,66,com
G3,G,3,www.quora.com,organic_result_page_3,quora.com,51,com
G3,G,3,www.youtube.com,organic_result_page_3,youtube.com,66,com
G3,G,3,www.mayoclinic.org,organic_result_page_3,mayoclinic.org,66,org
G3,G,3,uvahealth.com,organic_result_page_3,uvahealth.com,35,com
G3,G,3,www.nyp.org,organic_result_page_3,nyp.org,100,org
G3,G,3,ufhealth.org,organic_result_page_3,ufhealth.org,23,org
G3,G,3,www.nm.org,organic_result_page_3,nm.org,100,org
G3,G,3,my.clevelandclinic.org,organic_result_page_3,my.clevelandclinic.org,60,org
G4,G,4,medlineplus.gov,organic_result_page_4,medlineplus.gov,63,gov
G4,G,4,www.youtube.com,organic_result_page_4,youtube.com,66,com
G4,G,4,www.sutterhealth.org,organic_result_page_4,sutterhealth.org,47,org
G4,G,4,gastrofl.com,organic_result_page_4,gastrofl.com,100,com
G4,G,4,encrypted-vtbn0.gstatic.com,organic_result_page_4,encrypted-vtbn0.gstatic.com,100,com
G4,G,4,wexnermedical.osu.edu,organic_result_page_4,wexnermedical.osu.edu,46,edu
G4,G,4,www.iowaclinic.com,organic_result_page_4,iowaclinic.com,51,com
G4,G,4,madeforthismoment.asahq.org,organic_result_page_4,madeforthismoment.asahq.org,100,org
G4,G,4,www.cedars-sinai.org,organic_result_page_4,cedars-sinai.org,52,org
G5,G,5,gastroconsultants.com,organic_result_page_5,gastroconsultants.com,100,com
G5,G,5,www.northshore.org,organic_result_page_5,northshore.org,67,org
G5,G,5,borlandgroover.com,organic_result_page_5,borlandgroover.com,49,com
G5,G,5,fightcolorectalcancer.org,organic_result_page_5,fightcolorectalcancer.org,100,org
G5,G,5,www.beaumont.org,organic_result_page_5,beaumont.org,19,org
G5,G,5,www.uclahealth.org,organic_result_page_5,uclahealth.org,67,org
G5,G,5,www.mayoclinichealthsystem.org,organic_result_page_5,mayoclinichealthsystem.org,66,org
G5,G,5,www.sutterhealth.org,organic_result_page_5,sutterhealth.org,47,org
G5,G,5,www.uhhospitals.org,organic_result_page_5,uhhospitals.org,48,org
G5,G,5,www.wikihow.com,organic_result_page_5,wikihow.com,60,com
H1,H,1,www.youtube.com,gemini_summary,youtube.com,66,com
H1,H,1,www.reddit.com,organic_result_page_1,reddit.com,53,com
H1,H,1,www.patientadvocate.org,organic_result_page_1,patientadvocate.org,100,org
H1,H,1,individual.carefirst.com,organic_result_page_1,individual.carefirst.com,100,com
H1,H,1,www.healthcare.gov,organic_result_page_1,healthcare.gov,68,gov
H1,H,1,www.patientadvocate.org,gemini_summary,patientadvocate.org,100,org
H1,H,1,www.apollo247.com,gemini_summary,apollo247.com,100,com
H1,H,1,www.doardrill.com,gemini_summary,doardrill.com,32,com
H1,H,1,www.stewartkarlin.com,gemini_summary,stewartkarlin.com,42,com
H1,H,1,www.alexslemonade.org,gemini_summary,alexslemonade.org,10,org
H1,H,1,content.naic.org,gemini_summary,content.naic.org,36,org
H1,H,1,www.forthepeople.com,gemini_summary,forthepeople.com,64,com
H1,H,1,billflash.com,gemini_summary,billflash.com,40,com
H1,H,1,wylylawfirm.com,gemini_summary,wylylawfirm.com,32,com
H1,H,1,leader-law.com,gemini_summary,leader-law.com,54,com
H1,H,1,www.apaservices.org,gemini_summary,apaservices.org,44,org
H1,H,1,coveragerights.org,gemini_summary,coveragerights.org,100,org
H1,H,1,www.superlawyers.com,gemini_summary,superlawyers.com,64,com
H1,H,1,www.stretchdollar.com,gemini_summary,stretchdollar.com,47,com
H1,H,1,www.healthcare.gov,gemini_summary,healthcare.gov,68,gov
H1,H,1,individual.carefirst.com,gemini_summary,individual.carefirst.com,100,com
H1,H,1,www.insurance.ca.gov,organic_result_page_1,insurance.ca.gov,100,gov
H1,H,1,content.naic.org,organic_result_page_1,content.naic.org,36,org
H1,H,1,www.bogleheads.org,organic_result_page_1,bogleheads.org,100,org
H1,H,1,www.apaservices.org,organic_result_page_1,apaservices.org,44,org
H1,H,1,www.youtube.com,organic_result_page_1,youtube.com,66,com
H2,H,2,www.webmd.com,organic_result_page_2,webmd.com,67,com
H2,H,2,www.insurance.wa.gov,organic_result_page_2,insurance.wa.gov,33,gov
H2,H,2,www.patientadvocate.org,organic_result_page_2,patientadvocate.org,100,org
H2,H,2,www.wsj.com,organic_result_page_2,wsj.com,100,com
H2,H,2,theinsurancemaze.com,organic_result_page_2,theinsurancemaze.com,100,com
H2,H,2,www.opic.texas.gov,organic_result_page_2,opic.texas.gov,100,gov
H2,H,2,www.cms.gov,organic_result_page_2,cms.gov,67,gov
H2,H,2,livestrong.org,organic_result_page_2,livestrong.org,100,org
H2,H,2,content.naic.org,organic_result_page_2,content.naic.org,36,org
H3,H,3,www.breakthrought1d.org,organic_result_page_3,breakthrought1d.org,62,org
H3,H,3,www.healthcare.gov,organic_result_page_3,healthcare.gov,68,gov
H3,H,3,www.insurance.ca.gov,organic_result_page_3,insurance.ca.gov,100,gov
H3,H,3,www.aetna.com,organic_result_page_3,aetna.com,65,com
H3,H,3,www.ncdoi.gov,organic_result_page_3,ncdoi.gov,24,gov
H3,H,3,www.bankrate.com,organic_result_page_3,bankrate.com,100,com
H3,H,3,www.michigan.gov,organic_result_page_3,michigan.gov,100,gov
H3,H,3,primaryimmune.org,organic_result_page_3,primaryimmune.org,100,org
H3,H,3,www.dougterrylaw.com,organic_result_page_3,dougterrylaw.com,21,com
H3,H,3,www.arizonainsurancelaw.com,organic_result_page_3,arizonainsurancelaw.com,100,com
H4,H,4,www.cancersupportcommunity.org,organic_result_page_4,cancersupportcommunity.org,100,org
H4,H,4,m.youtube.com,organic_result_page_4,m.youtube.com,66,com
H4,H,4,dfr.oregon.gov,organic_result_page_4,dfr.oregon.gov,29,gov
H4,H,4,www.breakthrought1d.org,organic_result_page_4,breakthrought1d.org,62,org
H4,H,4,iid.iowa.gov,organic_result_page_4,iid.iowa.gov,21,gov
H4,H,4,www.stewartkarlin.com,organic_result_page_4,stewartkarlin.com,42,com
H4,H,4,www.dfs.ny.gov,organic_result_page_4,dfs.ny.gov,35,gov
H4,H,4,www.kff.org,organic_result_page_4,kff.org,100,org
H4,H,4,www.globemw-ai.com,organic_result_page_4,globemw-ai.com,100,com
H4,H,4,doi.nebraska.gov,organic_result_page_4,doi.nebraska.gov,100,gov
H5,H,5,doi.nebraska.gov,organic_result_page_5,doi.nebraska.gov,100,gov
H5,H,5,www.bogleheads.org,organic_result_page_5,bogleheads.org,100,org
H5,H,5,www.youtube.com,organic_result_page_5,youtube.com,66,com
H5,H,5,about.usps.com,organic_result_page_5,about.usps.com,30,com
H5,H,5,www.medicare.gov,organic_result_page_5,medicare.gov,67,gov
H5,H,5,www.floodsmart.gov,organic_result_page_5,floodsmart.gov,44,gov
H5,H,5,www.mayoclinic.org,organic_result_page_5,mayoclinic.org,66,org
H5,H,5,www.jonmichaelsmith.com,organic_result_page_5,jonmichaelsmith.com,37,com
H5,H,5,www.callrainwater.com,organic_result_page_5,callrainwater.com,100,com
H5,H,5,www.dawsonandrosenthal.com,organic_result_page_5,dawsonandrosenthal.com,39,com
I1,I,1,www.mayoclinic.org,organic_result_page_1,mayoclinic.org,66,org
I1,I,1,www.youtube.com,organic_result_page_1,youtube.com,66,com
I1,I,1,www.hopkinsmedicine.org,organic_result_page_1,hopkinsmedicine.org,46,org
I1,I,1,www.youtube.com,organic_result_page_1,youtube.com,66,com
I1,I,1,www.massgeneralbrigham.org,organic_result_page_1,massgeneralbrigham.org,41,org
I1,I,1,www.mayoclinic.org,organic_result_page_1,mayoclinic.org,66,org
I1,I,1,my.clevelandclinic.org,organic_result_page_1,my.clevelandclinic.org,60,org
I1,I,1,www.hopkinsmedicine.org,organic_result_page_1,hopkinsmedicine.org,46,org
I1,I,1,www.redcross.org,organic_result_page_1,redcross.org,56,org
I1,I,1,www.redcross.org,organic_result_page_1,redcross.org,56,org
I1,I,1,www.chop.edu,organic_result_page_1,chop.edu,63,edu
I1,I,1,www.sja.org.uk,organic_result_page_1,sja.org.uk,60,uk
I1,I,1,www.massgeneralbrigham.org,organic_result_page_1,massgeneralbrigham.org,41,org
I1,I,1,www.orlandohealth.com,organic_result_page_1,orlandohealth.com,51,com
I1,I,1,www.wikihow.com,organic_result_page_1,wikihow.com,60,com
I2,I,2,www.youtube.com,organic_result_page_2,youtube.com,66,com
I2,I,2,www.webmd.com,organic_result_page_2,webmd.com,67,com
I2,I,2,www.nhs.uk,organic_result_page_2,nhs.uk,100,uk
I2,I,2,www.altru.org,organic_result_page_2,altru.org,22,org
I2,I,2,my.clevelandclinic.org,organic_result_page_2,my.clevelandclinic.org,60,org
I2,I,2,www.betterhealth.vic.gov.au,organic_result_page_2,betterhealth.vic.gov.au,44,au
I2,I,2,medlineplus.gov,sponsored,medlineplus.gov,63,gov
I2,I,2,www.reddit.com,organic_result_page_2,reddit.com,53,com
I2,I,2,flushinghospital.org,organic_result_page_2,flushinghospital.org,100,org
I2,I,2,flushinghospital.org,sponsored,flushinghospital.org,100,org
I3,I,3,www.reddit.com,organic_result_page_3,reddit.com,53,com
I3,I,3,www.quora.com,organic_result_page_3,quora.com,51,com
I3,I,3,www.youtube.com,sponsored,youtube.com,66,com
I3,I,3,www.redcross.org.uk,sponsored,redcross.org.uk,53,uk
I3,I,3,www.redcross.ca,sponsored,redcross.ca,58,ca
I3,I,3,www.redcross.org.uk,organic_result_page_3,redcross.org.uk,53,uk
I3,I,3,www.studentcpr.com,sponsored,studentcpr.com,43,com
I3,I,3,www.healthlinkbc.ca,organic_result_page_3,healthlinkbc.ca,39,ca
I4,I,4,www.youtube.com,sponsored,youtube.com,66,com
I4,I,4,lifevac.net,organic_result_page_4,lifevac.net,54,net
I4,I,4,www.facebook.com,sponsored,facebook.com,65,com
I4,I,4,cpr1.com,organic_result_page_4,cpr1.com,44,com
I4,I,4,www.mycprcertificationonline.com,organic_result_page_4,mycprcertificationonline.com,100,com
I4,I,4,madisonems.org,sponsored,madisonems.org,100,org
I4,I,4,www.redcross.org.au,organic_result_page_4,redcross.org.au,58,au
I4,I,4,cprcertificationnow.com,organic_result_page_4,cprcertificationnow.com,42,com
I4,I,4,heartstartcpr.net,organic_result_page_4,heartstartcpr.net,100,net
I4,I,4,www.massgeneralbrigham.org,organic_result_page_4,massgeneralbrigham.org,41,org
I5,I,5,www.youtube.com,sponsored,youtube.com,66,com
I5,I,5,cprcare.com,organic_result_page_5,cprcare.com,20,com
I5,I,5,www.nuffieldhealth.com,organic_result_page_5,nuffieldhealth.com,61,com
I5,I,5,stvincents.org,organic_result_page_5,stvincents.org,49,org
I5,I,5,www.cprcertificationonlinehq.com,organic_result_page_5,cprcertificationonlinehq.com,28,com
I5,I,5,www.firstaidtraining.com.sg,organic_result_page_5,firstaidtraining.com.sg,28,sg
I5,I,5,www.redcross.org,organic_result_page_5,redcross.org,56,org
I5,I,5,www.austin360.com,organic_result_page_5,austin360.com,100,com
I5,I,5,www.healthdirect.gov.au,organic_result_page_5,healthdirect.gov.au,68,au
I5,I,5,www.newyorker.com,organic_result_page_5,newyorker.com,64,com
J1,J,1,www.reddit.com,organic_result_page_1,reddit.com,53,com
J1,J,1,www.quora.com,organic_result_page_1,quora.com,51,com
J1,J,1,www.kathyliving.com,sponsored,kathyliving.com,100,com
J1,J,1,www.amazon.com,sponsored,amazon.com,58,com
J1,J,1,docreviews.me,sponsored,docreviews.me,26,me
J1,J,1,www.consumerreports.org,organic_result_page_1,consumerreports.org,38,org
J1,J,1,www.nytimes.com,organic_result_page_1,nytimes.com,66,com
J1,J,1,www.heart.org,organic_result_page_1,heart.org,66,org
J1,J,1,store.mayoclinic.com,organic_result_page_1,store.mayoclinic.com,55,com
J1,J,1,www.homewatchcaregivers.com,organic_result_page_1,homewatchcaregivers.com,62,com
J1,J,1,omronhealthcare.com,organic_result_page_1,omronhealthcare.com,4,com
J1,J,1,www.health.com,organic_result_page_1,health.com,67,com
J1,J,1,www.amazon.com,organic_result_page_1,amazon.com,58,com
J1,J,1,www.bhf.org.uk,organic_result_page_1,bhf.org.uk,61,uk
J1,J,1,top10-usa.com,sponsored,top10-usa.com,50,com
J1,J,1,buyersguide.org,sponsored,buyersguide.org,29,org
J1,J,1,www.trustedbestpick.com,sponsored,trustedbestpick.com,44,com
J1,J,1,oxiline.shop,sponsored,oxiline.shop,67,shop
J1,J,1,www.concordhealthsupply.com,sponsored,concordhealthsupply.com,36,com
J1,J,1,store.pharmalynk.com,sponsored,store.pharmalynk.com,58,com
J1,J,1,www.cvs.com,sponsored,cvs.com,100,com
J1,J,1,novamedicpro.com,sponsored,novamedicpro.com,46,com
J2,J,2,www.webmd.com,organic_result_page_2,webmd.com,67,com
J2,J,2,www.health.harvard.edu,organic_result_page_2,health.harvard.edu,56,edu
J2,J,2,www.cvs.com,organic_result_page_2,cvs.com,100,com
J2,J,2,www.bestbuy.com,organic_result_page_2,bestbuy.com,100,com
J2,J,2,www.amazon.com,sponsored,amazon.com,58,com
J2,J,2,docreviews.me,sponsored,docreviews.me,26,me
J2,J,2,www.kathyliving.com,sponsored,kathyliving.com,100,com
J2,J,2,toptested.review,sponsored,toptested.review,100,review
J2,J,2,www.goodhousekeeping.com,organic_result_page_2,goodhousekeeping.com,53,com
J2,J,2,health.clevelandclinic.org,organic_result_page_2,health.clevelandclinic.org,64,org
J2,J,2,www.amazon.com,organic_result_page_2,amazon.com,58,com
J2,J,2,www.heart.org,organic_result_page_2,heart.org,66,org
J2,J,2,health.usnews.com,organic_result_page_2,health.usnews.com,59,com
J2,J,2,www.walgreens.com,organic_result_page_2,walgreens.com,50,com
J2,J,2,oxiline.shop,organic_result_page_2,oxiline.shop,67,shop
J2,J,2,www.concordhealthsupply.com,organic_result_page_2,concordhealthsupply.com,36,com
J2,J,2,www.cvs.com,organic_result_page_2,cvs.com,100,com
J2,J,2,novamedicpro.com,organic_result_page_2,novamedicpro.com,46,com
J3,J,3,www.amazon.com,organic_result_page_3,amazon.com,58,com
J3,J,3,www.amazon.com,sponsored,amazon.com,58,com
J3,J,3,docreviews.me,sponsored,docreviews.me,26,me
J3,J,3,www.kathyliving.com,sponsored,kathyliving.com,100,com
J3,J,3,health.usnews.com,organic_result_page_3,health.usnews.com,59,com
J3,J,3,www.walgreens.com,organic_result_page_3,walgreens.com,50,com
J3,J,3,oxiline.shop,sponsored,oxiline.shop,67,shop
J3,J,3,www.consumerreports.org,organic_result_page_3,consumerreports.org,38,org
J3,J,3,athome.medline.com,organic_result_page_3,athome.medline.com,100,com
J3,J,3,www.theemtspot.org,organic_result_page_3,theemtspot.org,50,org
J3,J,3,www.techgearlab.com,organic_result_page_3,techgearlab.com,37,com
J3,J,3,www.livemint.com,organic_result_page_3,livemint.com,100,com
J3,J,3,giftshop.bhf.org.uk,organic_result_page_3,giftshop.bhf.org.uk,100,uk
J3,J,3,www.prevention.com,organic_result_page_3,prevention.com,64,com
J3,J,3,www.menshealth.com,organic_result_page_3,menshealth.com,55,com
J4,J,4,www.reddit.com,organic_result_page_4,reddit.com,53,com
J4,J,4,medlineplus.gov,organic_result_page_4,medlineplus.gov,63,gov
J4,J,4,www.womenshealthmag.com,organic_result_page_4,womenshealthmag.com,54,com
J4,J,4,www.quora.com,organic_result_page_4,quora.com,51,com
J4,J,4,omronhealthcare.com,organic_result_page_4,omronhealthcare.com,4,com
J4,J,4,www.saga.co.uk,organic_result_page_4,saga.co.uk,68,uk
J4,J,4,www.agingcare.com,organic_result_page_4,agingcare.com,56,com
J4,J,4,www.healthline.com,organic_result_page_4,healthline.com,64,com
J4,J,4,www.safewise.com,organic_result_page_4,safewise.com,100,com
J4,J,4,www.walmart.com,organic_result_page_4,walmart.com,44,com
J5,J,5,www.youtube.com,organic_result_page_5,youtube.com,66,com
J5,J,5,www.health.harvard.edu,organic_result_page_5,health.harvard.edu,56,edu
J5,J,5,www.medicalnewstoday.com,organic_result_page_5,medicalnewstoday.com,64,com
J5,J,5,www.msn.com,organic_result_page_5,msn.com,100,com
J5,J,5,www.assistedliving.org,organic_result_page_5,assistedliving.org,100,org
J5,J,5,www.choice.com.au,organic_result_page_5,choice.com.au,48,au
J5,J,5,www.cvs.com,organic_result_page_5,cvs.com,100,com
J5,J,5,www.bestbuy.com,organic_result_page_5,bestbuy.com,100,com
J5,J,5,www.aarp.org,organic_result_page_5,aarp.org,34,org
J5,J,5,hypertension.ca,sponsored,hypertension.ca,100,ca
J5,J,5,www.amazon.com,organic_result_page_5,amazon.com,58,com